Source,Target,Regulation
hsa-mir-424,CCNE1,miRNA-Genes
hsa-mir-424,CCND1,miRNA-Genes
hsa-let-7a-5p,TRG-AS1,miRNA-lncRNA
hsa-let-7b-5p,TRG-AS1,miRNA-lncRNA
hsa-let-7c-5p,TRG-AS1,miRNA-lncRNA
hsa-let-7d-5p,TRG-AS1,miRNA-lncRNA
hsa-let-7e-5p,TRG-AS1,miRNA-lncRNA
hsa-let-7f-5p,TRG-AS1,miRNA-lncRNA
hsa-let-7g-5p,TRG-AS1,miRNA-lncRNA
hsa-let-7i-5p,TRG-AS1,miRNA-lncRNA
hsa-mir-103a-3p,NFIA-AS2,miRNA-lncRNA
hsa-mir-107,NFIA-AS2,miRNA-lncRNA
hsa-mir-10a-5p,LINC01091,miRNA-lncRNA
hsa-mir-10b-5p,LINC01091,miRNA-lncRNA
hsa-mir-1179,TRG-AS1,miRNA-lncRNA
hsa-mir-1180-5p,AFAP1-AS1,miRNA-lncRNA
hsa-mir-122-5p,MIR205HG,miRNA-lncRNA
hsa-mir-122-5p,XXYLT1-AS2,miRNA-lncRNA
hsa-mir-1276,CASC19,miRNA-lncRNA
hsa-mir-1277-3p,AFAP1-AS1,miRNA-lncRNA
hsa-mir-128-3p,LINC01091,miRNA-lncRNA
hsa-mir-1286,LINC01091,miRNA-lncRNA
hsa-mir-1297,TRG-AS1,miRNA-lncRNA
hsa-mir-130a-3p,LINC01091,miRNA-lncRNA
hsa-mir-130a-3p,CASC19,miRNA-lncRNA
hsa-mir-130a-5p,TRG-AS1,miRNA-lncRNA
hsa-mir-130b-3p,LINC01091,miRNA-lncRNA
hsa-mir-130b-3p,CASC19,miRNA-lncRNA
hsa-mir-1323,TRG-AS1,miRNA-lncRNA
hsa-mir-138-5p,TRG-AS1,miRNA-lncRNA
hsa-mir-140-5p,CASC19,miRNA-lncRNA
hsa-mir-142-5p,TRG-AS1,miRNA-lncRNA
hsa-mir-143-3p,MIR205HG,miRNA-lncRNA
hsa-mir-143-3p,XXYLT1-AS2,miRNA-lncRNA
hsa-mir-145-5p,XXYLT1-AS2,miRNA-lncRNA
hsa-mir-145-5p,CASC9,miRNA-lncRNA
hsa-mir-146a-5p,CASC9,miRNA-lncRNA
hsa-mir-146b-5p,CASC9,miRNA-lncRNA
hsa-mir-147a,CASC19,miRNA-lncRNA
hsa-mir-148a-3p,CASC19,miRNA-lncRNA
hsa-mir-148b-3p,CASC19,miRNA-lncRNA
hsa-mir-152-3p,CASC19,miRNA-lncRNA
hsa-mir-155-5p,AFAP1-AS1,miRNA-lncRNA
hsa-mir-15a-5p,AFAP1-AS1,miRNA-lncRNA
hsa-mir-15a-5p,TRG-AS1,miRNA-lncRNA
hsa-mir-15a-5p,CASC9,miRNA-lncRNA
hsa-mir-15b-5p,AFAP1-AS1,miRNA-lncRNA
hsa-mir-15b-5p,TRG-AS1,miRNA-lncRNA
hsa-mir-15b-5p,CASC9,miRNA-lncRNA
hsa-mir-16-5p,AFAP1-AS1,miRNA-lncRNA
hsa-mir-16-5p,TRG-AS1,miRNA-lncRNA
hsa-mir-16-5p,CASC9,miRNA-lncRNA
hsa-mir-181a-5p,CASC19,miRNA-lncRNA
hsa-mir-181b-5p,CASC19,miRNA-lncRNA
hsa-mir-181c-5p,CASC19,miRNA-lncRNA
hsa-mir-181d-5p,CASC19,miRNA-lncRNA
hsa-mir-182-5p,TRG-AS1,miRNA-lncRNA
hsa-mir-1908-5p,HOTTIP,miRNA-lncRNA
hsa-mir-190a-5p,AFAP1-AS1,miRNA-lncRNA
hsa-mir-190b,AFAP1-AS1,miRNA-lncRNA
hsa-mir-195-5p,AFAP1-AS1,miRNA-lncRNA
hsa-mir-195-5p,TRG-AS1,miRNA-lncRNA
hsa-mir-195-5p,CASC9,miRNA-lncRNA
hsa-mir-196a-5p,TRG-AS1,miRNA-lncRNA
hsa-mir-196b-5p,TRG-AS1,miRNA-lncRNA
hsa-mir-197-3p,XXYLT1-AS2,miRNA-lncRNA
hsa-mir-199a-5p,LINC01133,miRNA-lncRNA
hsa-mir-199b-5p,LINC01133,miRNA-lncRNA
hsa-mir-19a-3p,HOTTIP,miRNA-lncRNA
hsa-mir-19b-3p,HOTTIP,miRNA-lncRNA
hsa-mir-200b-3p,LINC00365,miRNA-lncRNA
hsa-mir-200c-3p,LINC00365,miRNA-lncRNA
hsa-mir-2114-3p,MIR205HG,miRNA-lncRNA
hsa-mir-2115-3p,CASC9,miRNA-lncRNA
hsa-mir-216a-3p,LINC01091,miRNA-lncRNA
hsa-mir-216a-5p,AFAP1-AS1,miRNA-lncRNA
hsa-mir-216a-5p,CASC19,miRNA-lncRNA
hsa-mir-216a-5p,CASC19,miRNA-lncRNA
hsa-mir-218-5p,CASC19,miRNA-lncRNA
hsa-mir-224-5p,TRG-AS1,miRNA-lncRNA
hsa-mir-2278,AFAP1-AS1,miRNA-lncRNA
hsa-mir-23a-3p,TRG-AS1,miRNA-lncRNA
hsa-mir-23b-3p,TRG-AS1,miRNA-lncRNA
hsa-mir-23c,TRG-AS1,miRNA-lncRNA
hsa-mir-24-3p,CASC19,miRNA-lncRNA
hsa-mir-25-3p,LINC00365,miRNA-lncRNA
hsa-mir-26a-5p,TRG-AS1,miRNA-lncRNA
hsa-mir-26b-5p,TRG-AS1,miRNA-lncRNA
hsa-mir-27a-3p,CASC19,miRNA-lncRNA
hsa-mir-27b-3p,CASC19,miRNA-lncRNA
hsa-mir-28-3p,CASC9,miRNA-lncRNA
hsa-mir-296-3p,CASC19,miRNA-lncRNA
hsa-mir-299-3p,MIR205HG,miRNA-lncRNA
hsa-mir-301a-3p,LINC01091,miRNA-lncRNA
hsa-mir-301a-3p,CASC19,miRNA-lncRNA
hsa-mir-301b-3p,LINC01091,miRNA-lncRNA
hsa-mir-301b-3p,CASC19,miRNA-lncRNA
hsa-mir-3064-5p,CASC8,miRNA-lncRNA
hsa-mir-3064-5p,LINC00460,miRNA-lncRNA
hsa-mir-30a-5p,LINC01133,miRNA-lncRNA
hsa-mir-30b-5p,LINC01133,miRNA-lncRNA
hsa-mir-30c-5p,LINC01133,miRNA-lncRNA
hsa-mir-30d-5p,LINC01133,miRNA-lncRNA
hsa-mir-30e-5p,LINC01133,miRNA-lncRNA
hsa-mir-3121-3p,CASC19,miRNA-lncRNA
hsa-mir-3127-5p,CASC19,miRNA-lncRNA
hsa-mir-3145-3p,LINC00365,miRNA-lncRNA
hsa-mir-3150a-3p,CASC19,miRNA-lncRNA
hsa-mir-3150b-3p,LINC01133,miRNA-lncRNA
hsa-mir-3150b-3p,CASC19,miRNA-lncRNA
hsa-mir-3163,AFAP1-AS1,miRNA-lncRNA
hsa-mir-3164,CASC19,miRNA-lncRNA
hsa-mir-3184-5p,TRG-AS1,miRNA-lncRNA
hsa-mir-3184-5p,CASC9,miRNA-lncRNA
hsa-mir-3184-5p,CASC19,miRNA-lncRNA
hsa-mir-3194-3p,LINC00365,miRNA-lncRNA
hsa-mir-32-5p,LINC00365,miRNA-lncRNA
hsa-mir-320a,LINC00460,miRNA-lncRNA
hsa-mir-320b,LINC00460,miRNA-lncRNA
hsa-mir-323a-3p,LINC01091,miRNA-lncRNA
hsa-mir-330-3p,CASC19,miRNA-lncRNA
hsa-mir-338-3p,LINC00365,miRNA-lncRNA
hsa-mir-339-5p,LINC01091,miRNA-lncRNA
hsa-mir-33a-5p,TRG-AS1,miRNA-lncRNA
hsa-mir-33a-5p,TRG-AS1,miRNA-lncRNA
hsa-mir-33b-5p,TRG-AS1,miRNA-lncRNA
hsa-mir-33b-5p,TRG-AS1,miRNA-lncRNA
hsa-mir-345-5p,CASC19,miRNA-lncRNA
hsa-mir-34a-5p,CASC19,miRNA-lncRNA
hsa-mir-34c-5p,CASC19,miRNA-lncRNA
hsa-mir-3613-5p,TRG-AS1,miRNA-lncRNA
hsa-mir-3622b-5p,TRG-AS1,miRNA-lncRNA
hsa-mir-363-3p,LINC00365,miRNA-lncRNA
hsa-mir-365a-3p,CASC9,miRNA-lncRNA
hsa-mir-365b-3p,CASC9,miRNA-lncRNA
hsa-mir-3666,LINC01091,miRNA-lncRNA
hsa-mir-3666,CASC19,miRNA-lncRNA
hsa-mir-367-3p,LINC00365,miRNA-lncRNA
hsa-mir-3681-3p,LINC01091,miRNA-lncRNA
hsa-mir-370-5p,AFAP1-AS1,miRNA-lncRNA
hsa-mir-374a-5p,TRG-AS1,miRNA-lncRNA
hsa-mir-374a-5p,TRG-AS1,miRNA-lncRNA
hsa-mir-374a-5p,TRG-AS1,miRNA-lncRNA
hsa-mir-374b-5p,TRG-AS1,miRNA-lncRNA
hsa-mir-374b-5p,TRG-AS1,miRNA-lncRNA
hsa-mir-374b-5p,TRG-AS1,miRNA-lncRNA
hsa-mir-374c-5p,AFAP1-AS1,miRNA-lncRNA
hsa-mir-377-3p,TRG-AS1,miRNA-lncRNA
hsa-mir-380-3p,TRG-AS1,miRNA-lncRNA
hsa-mir-382-5p,TRG-AS1,miRNA-lncRNA
hsa-mir-383-5p,CASC9,miRNA-lncRNA
hsa-mir-3918,TRG-AS1,miRNA-lncRNA
hsa-mir-3940-3p,HOTTIP,miRNA-lncRNA
hsa-mir-410-3p,CASC19,miRNA-lncRNA
hsa-mir-423-5p,TRG-AS1,miRNA-lncRNA
hsa-mir-423-5p,CASC9,miRNA-lncRNA
hsa-mir-423-5p,CASC19,miRNA-lncRNA
hsa-mir-424-5p,AFAP1-AS1,miRNA-lncRNA
hsa-mir-424-5p,TRG-AS1,miRNA-lncRNA
hsa-mir-424-5p,CASC9,miRNA-lncRNA
hsa-mir-4262,CASC19,miRNA-lncRNA
hsa-mir-429,LINC00365,miRNA-lncRNA
hsa-mir-4295,LINC01091,miRNA-lncRNA
hsa-mir-4295,CASC19,miRNA-lncRNA
hsa-mir-4458,TRG-AS1,miRNA-lncRNA
hsa-mir-4465,TRG-AS1,miRNA-lncRNA
hsa-mir-449a,CASC19,miRNA-lncRNA
hsa-mir-449b-5p,CASC19,miRNA-lncRNA
hsa-mir-4500,TRG-AS1,miRNA-lncRNA
hsa-mir-452-5p,LINC00365,miRNA-lncRNA
hsa-mir-4524a-5p,AFAP1-AS1,miRNA-lncRNA
hsa-mir-4524b-5p,AFAP1-AS1,miRNA-lncRNA
hsa-mir-454-3p,LINC01091,miRNA-lncRNA
hsa-mir-454-3p,CASC19,miRNA-lncRNA
hsa-mir-455-5p,AFAP1-AS1,miRNA-lncRNA
hsa-mir-4640-3p,HOTTIP,miRNA-lncRNA
hsa-mir-4640-5p,LINC01133,miRNA-lncRNA
hsa-mir-4640-5p,HOTTIP,miRNA-lncRNA
hsa-mir-4676-3p,LINC00365,miRNA-lncRNA
hsa-mir-4726-5p,LINC01133,miRNA-lncRNA
hsa-mir-4726-5p,HOTTIP,miRNA-lncRNA
hsa-mir-4731-5p,AFAP1-AS1,miRNA-lncRNA
hsa-mir-4761-3p,CASC8,miRNA-lncRNA
hsa-mir-4761-5p,CASC8,miRNA-lncRNA
hsa-mir-4770,MIR205HG,miRNA-lncRNA
hsa-mir-4770,XXYLT1-AS2,miRNA-lncRNA
hsa-mir-4784,LINC01133,miRNA-lncRNA
hsa-mir-4784,CASC19,miRNA-lncRNA
hsa-mir-485-5p,XXYLT1-AS2,miRNA-lncRNA
hsa-mir-488-3p,TRG-AS1,miRNA-lncRNA
hsa-mir-488-3p,CASC9,miRNA-lncRNA
hsa-mir-490-3p,CASC19,miRNA-lncRNA
hsa-mir-491-5p,CASC19,miRNA-lncRNA
hsa-mir-491-5p,LINC00460,miRNA-lncRNA
hsa-mir-493-5p,TRG-AS1,miRNA-lncRNA
hsa-mir-495-3p,LINC01133,miRNA-lncRNA
hsa-mir-495-3p,TRG-AS1,miRNA-lncRNA
hsa-mir-496,XXYLT1-AS2,miRNA-lncRNA
hsa-mir-497-5p,AFAP1-AS1,miRNA-lncRNA
hsa-mir-497-5p,TRG-AS1,miRNA-lncRNA
hsa-mir-497-5p,CASC9,miRNA-lncRNA
hsa-mir-503-5p,LINC00460,miRNA-lncRNA
hsa-mir-512-3p,MIR205HG,miRNA-lncRNA
hsa-mir-512-3p,AFAP1-AS1,miRNA-lncRNA
hsa-mir-514a-5p,MIR205HG,miRNA-lncRNA
hsa-mir-516b-5p,MIR205HG,miRNA-lncRNA
hsa-mir-5195-3p,XXYLT1-AS2,miRNA-lncRNA
hsa-mir-5195-3p,CASC9,miRNA-lncRNA
hsa-mir-519a-3p,TRG-AS1,miRNA-lncRNA
hsa-mir-519b-3p,TRG-AS1,miRNA-lncRNA
hsa-mir-519c-3p,TRG-AS1,miRNA-lncRNA
hsa-mir-520f-3p,CASC19,miRNA-lncRNA
hsa-mir-520g-3p,AFAP1-AS1,miRNA-lncRNA
hsa-mir-520g-3p,LINC01091,miRNA-lncRNA
hsa-mir-520h,AFAP1-AS1,miRNA-lncRNA
hsa-mir-520h,LINC01091,miRNA-lncRNA
hsa-mir-532-5p,CASC19,miRNA-lncRNA
hsa-mir-541-5p,LINC00365,miRNA-lncRNA
hsa-mir-543,TRG-AS1,miRNA-lncRNA
hsa-mir-543,CASC19,miRNA-lncRNA
hsa-mir-545-3p,AFAP1-AS1,miRNA-lncRNA
hsa-mir-545-3p,CASC9,miRNA-lncRNA
hsa-mir-548o-3p,TRG-AS1,miRNA-lncRNA
hsa-mir-556-5p,TRG-AS1,miRNA-lncRNA
hsa-mir-5581-3p,MIR205HG,miRNA-lncRNA
hsa-mir-5586-5p,CASC19,miRNA-lncRNA
hsa-mir-5590-3p,TRG-AS1,miRNA-lncRNA
hsa-mir-5688,LINC01133,miRNA-lncRNA
hsa-mir-5691,LINC00365,miRNA-lncRNA
hsa-mir-574-5p,MIR205HG,miRNA-lncRNA
hsa-mir-574-5p,XXYLT1-AS2,miRNA-lncRNA
hsa-mir-574-5p,TRG-AS1,miRNA-lncRNA
hsa-mir-576-5p,CASC9,miRNA-lncRNA
hsa-mir-584-5p,LINC00365,miRNA-lncRNA
hsa-mir-599,CASC8,miRNA-lncRNA
hsa-mir-605-3p,CASC19,miRNA-lncRNA
hsa-mir-6088,MIR205HG,miRNA-lncRNA
hsa-mir-6088,XXYLT1-AS2,miRNA-lncRNA
hsa-mir-615-3p,HOTTIP,miRNA-lncRNA
hsa-mir-625-5p,LINC01133,miRNA-lncRNA
hsa-mir-6504-5p,CASC8,miRNA-lncRNA
hsa-mir-6504-5p,LINC00460,miRNA-lncRNA
hsa-mir-6512-3p,TRG-AS1,miRNA-lncRNA
hsa-mir-653-5p,AFAP1-AS1,miRNA-lncRNA
hsa-mir-654-3p,LINC00460,miRNA-lncRNA
hsa-mir-655-3p,AFAP1-AS1,miRNA-lncRNA
hsa-mir-660-5p,CASC19,miRNA-lncRNA
hsa-mir-663a,HOTTIP,miRNA-lncRNA
hsa-mir-671-5p,CASC8,miRNA-lncRNA
hsa-mir-6720-5p,TRG-AS1,miRNA-lncRNA
hsa-mir-6763-5p,CASC19,miRNA-lncRNA
hsa-mir-6787-5p,HOTTIP,miRNA-lncRNA
hsa-mir-6805-3p,LINC00365,miRNA-lncRNA
hsa-mir-6820-3p,CASC19,miRNA-lncRNA
hsa-mir-6823-3p,MIR205HG,miRNA-lncRNA
hsa-mir-6835-3p,CASC19,miRNA-lncRNA
hsa-mir-6838-5p,AFAP1-AS1,miRNA-lncRNA
hsa-mir-6838-5p,TRG-AS1,miRNA-lncRNA
hsa-mir-6838-5p,CASC9,miRNA-lncRNA
hsa-mir-6884-5p,XXYLT1-AS2,miRNA-lncRNA
hsa-mir-7114-3p,AFAP1-AS1,miRNA-lncRNA
hsa-mir-7151-5p,LINC01133,miRNA-lncRNA
hsa-mir-7153-5p,CASC9,miRNA-lncRNA
hsa-mir-744-5p,HOTTIP,miRNA-lncRNA
hsa-mir-758-3p,LINC00996,miRNA-lncRNA
hsa-mir-802,TRG-AS1,miRNA-lncRNA
hsa-mir-802,CASC19,miRNA-lncRNA
hsa-mir-874-3p,CASC9,miRNA-lncRNA
hsa-mir-877-5p,TRG-AS1,miRNA-lncRNA
hsa-mir-892c-3p,LINC00365,miRNA-lncRNA
hsa-mir-892c-5p,AFAP1-AS1,miRNA-lncRNA
hsa-mir-9-5p,LINC00996,miRNA-lncRNA
hsa-mir-9-5p,LINC00365,miRNA-lncRNA
hsa-mir-92a-3p,LINC00365,miRNA-lncRNA
hsa-mir-92b-3p,LINC00365,miRNA-lncRNA
hsa-mir-98-5p,TRG-AS1,miRNA-lncRNA
E2F1,ABCB1,TF-Genes
E2F1,APAF1,TF-Genes
E2F1,APAF1,TF-Genes
E2F1,AR,TF-Genes
E2F1,AR,TF-Genes
E2F1,ASF1B,TF-Genes
E2F1,ATAD2,TF-Genes
E2F1,ATG5,TF-Genes
E2F1,ATM,TF-Genes
E2F1,ATM,TF-Genes
E2F1,AURKA,TF-Genes
E2F1,AURKB,TF-Genes
E2F1,BBC3,TF-Genes
E2F1,BCL2,TF-Genes
E2F1,BIRC5,TF-Genes
E2F1,BIRC5,TF-Genes
E2F1,BIRC5,TF-Genes
E2F1,BMI1,TF-Genes
E2F1,BRCA1,TF-Genes
E2F1,BRCA1,TF-Genes
E2F1,CASP7,TF-Genes
E2F1,CCL3,TF-Genes
E2F1,CCNB1,TF-Genes
E2F1,CCND1,TF-Genes
E2F1,CCND1,TF-Genes
E2F1,CCNE1,TF-Genes
E2F1,CD2AP,TF-Genes
E2F1,CDAN1,TF-Genes
E2F1,CDC6,TF-Genes
E2F1,CDCA7,TF-Genes
E2F1,CDK1,TF-Genes
E2F1,CDKN1A,TF-Genes
E2F1,CDKN1A,TF-Genes
E2F1,CDKN1C,TF-Genes
E2F1,CDKN2A,TF-Genes
E2F1,CHEK1,TF-Genes
E2F1,CHEK2,TF-Genes
E2F1,CREBBP,TF-Genes
E2F1,CTNNBIP1,TF-Genes
E2F1,CTSV,TF-Genes
E2F1,CUX1,TF-Genes
E2F1,DAPK2,TF-Genes
E2F1,DBF4,TF-Genes
E2F1,DDIT3,TF-Genes
E2F1,DHFR,TF-Genes
E2F1,DIRAS3,TF-Genes
E2F1,DNMT1,TF-Genes
E2F1,DOK1,TF-Genes
E2F1,DRAM1,TF-Genes
E2F1,DROSHA,TF-Genes
E2F1,DUSP1,TF-Genes
E2F1,E2F1,TF-Genes
E2F1,E2F6,TF-Genes
E2F1,ECT2,TF-Genes
E2F1,ERCC1,TF-Genes
E2F1,ERCC5,TF-Genes
E2F1,ERICD,TF-Genes
E2F1,ETV4,TF-Genes
E2F1,FANCA,TF-Genes
E2F1,FGFR1,TF-Genes
E2F1,FHIT,TF-Genes
E2F1,FLT1,TF-Genes
E2F1,FMN2,TF-Genes
E2F1,FOXM1,TF-Genes
E2F1,FSHR,TF-Genes
E2F1,FZD1,TF-Genes
E2F1,FZD1,TF-Genes
E2F1,GINS3,TF-Genes
E2F1,H19,TF-Genes
E2F1,HIC1,TF-Genes
E2F1,HMGA1,TF-Genes
E2F1,HSPA5,TF-Genes
E2F1,IL1B,TF-Genes
E2F1,IL23A,TF-Genes
E2F1,IRF3,TF-Genes
E2F1,ISYNA1,TF-Genes
E2F1,KDR,TF-Genes
E2F1,KIF2C,TF-Genes
E2F1,KIF2C,TF-Genes
E2F1,KIR3DL1,TF-Genes
E2F1,LRBA,TF-Genes
E2F1,MAP1LC3A,TF-Genes
E2F1,MAP3K5,TF-Genes
E2F1,MAP3K5,TF-Genes
E2F1,MAPK8,TF-Genes
E2F1,MCL1,TF-Genes
E2F1,MCM5,TF-Genes
E2F1,MCM8,TF-Genes
E2F1,MCPH1,TF-Genes
E2F1,MDM2,TF-Genes
E2F1,MEFV,TF-Genes
E2F1,MIR202,TF-Genes
E2F1,MT1G,TF-Genes
E2F1,MUC4,TF-Genes
E2F1,MYB,TF-Genes
E2F1,MYBL2,TF-Genes
E2F1,MYC,TF-Genes
E2F1,MYCN,TF-Genes
E2F1,MYH10,TF-Genes
E2F1,NELL2,TF-Genes
E2F1,NOX4,TF-Genes
E2F1,NPAT,TF-Genes
E2F1,NRIP1,TF-Genes
E2F1,PCNA,TF-Genes
E2F1,PCSK6,TF-Genes
E2F1,PDK4,TF-Genes
E2F1,PEG10,TF-Genes
E2F1,PIN1,TF-Genes
E2F1,PLK1,TF-Genes
E2F1,PNRC2,TF-Genes
E2F1,PPARG,TF-Genes
E2F1,PPARG,TF-Genes
E2F1,PPP1R13B,TF-Genes
E2F1,PTPRO,TF-Genes
E2F1,RACGAP1,TF-Genes
E2F1,RAD51,TF-Genes
E2F1,RASGEF1B,TF-Genes
E2F1,RASGRP1,TF-Genes
E2F1,RB1,TF-Genes
E2F1,RBM38,TF-Genes
E2F1,RNF2,TF-Genes
E2F1,RPA2,TF-Genes
E2F1,RRM1,TF-Genes
E2F1,RRM2,TF-Genes
E2F1,RRP1B,TF-Genes
E2F1,SERPINB5,TF-Genes
E2F1,SERPINE1,TF-Genes
E2F1,SIVA1,TF-Genes
E2F1,SIVA1,TF-Genes
E2F1,SKP2,TF-Genes
E2F1,SKP2,TF-Genes
E2F1,TERT,TF-Genes
E2F1,TERT,TF-Genes
E2F1,THBS1,TF-Genes
E2F1,TLR3,TF-Genes
E2F1,TNF,TF-Genes
E2F1,TNFSF11,TF-Genes
E2F1,TOP2A,TF-Genes
E2F1,TP53,TF-Genes
E2F1,TP53,TF-Genes
E2F1,TP53,TF-Genes
E2F1,TP53BP2,TF-Genes
E2F1,TP53BP2,TF-Genes
E2F1,TP53INP1,TF-Genes
E2F1,TP73,TF-Genes
E2F1,TP73,TF-Genes
E2F1,TYMS,TF-Genes
E2F1,TYMS,TF-Genes
E2F1,UHRF1,TF-Genes
E2F1,UHRF1,TF-Genes
E2F1,ULK1,TF-Genes
E2F1,VEGFA,TF-Genes
E2F1,WWOX,TF-Genes
E2F1,XRCC1,TF-Genes
E2F1,ZNF350,TF-Genes
FOXA1,ABCA1,TF-Genes
FOXA1,AGR2,TF-Genes
FOXA1,APOB,TF-Genes
FOXA1,BCL2,TF-Genes
FOXA1,BRCA1,TF-Genes
FOXA1,CCNG2,TF-Genes
FOXA1,CFTR,TF-Genes
FOXA1,ESR1,TF-Genes
FOXA1,GCG,TF-Genes
FOXA1,HSPA1A,TF-Genes
FOXA1,KRT7,TF-Genes
FOXA1,MYC,TF-Genes
FOXA1,NF1,TF-Genes
FOXA1,NKX2-1,TF-Genes
FOXA1,RET,TF-Genes
FOXA1,RPRM,TF-Genes
FOXA1,SERPINC1,TF-Genes
FOXA1,SFTPB,TF-Genes
FOXA1,TFF1,TF-Genes
FOXA1,UGT2B15,TF-Genes
FOXA1,UGT2B17,TF-Genes
HNF4A,ABCC6,TF-Genes
HNF4A,ABCG5,TF-Genes
HNF4A,ABCG8,TF-Genes
HNF4A,ACAT2,TF-Genes
HNF4A,AFP,TF-Genes
HNF4A,AKR1C4,TF-Genes
HNF4A,APOA1,TF-Genes
HNF4A,APOA2,TF-Genes
HNF4A,APOB,TF-Genes
HNF4A,APOC3,TF-Genes
HNF4A,C1QTNF5,TF-Genes
HNF4A,CDKN1A,TF-Genes
HNF4A,CEACAM1,TF-Genes
HNF4A,CYP27A1,TF-Genes
HNF4A,CYP2B6,TF-Genes
HNF4A,CYP2C8,TF-Genes
HNF4A,CYP2C9,TF-Genes
HNF4A,CYP2C9,TF-Genes
HNF4A,CYP2D6,TF-Genes
HNF4A,CYP3A4,TF-Genes
HNF4A,CYP7A1,TF-Genes
HNF4A,FABP2,TF-Genes
HNF4A,GCK,TF-Genes
HNF4A,GFER,TF-Genes
HNF4A,GH1,TF-Genes
HNF4A,GPR39,TF-Genes
HNF4A,HNF1A,TF-Genes
HNF4A,KCNJ11,TF-Genes
HNF4A,LDLR,TF-Genes
HNF4A,LIPC,TF-Genes
HNF4A,MMP7,TF-Genes
HNF4A,MTTP,TF-Genes
HNF4A,MYC,TF-Genes
HNF4A,NPC1L1,TF-Genes
HNF4A,NR1I2,TF-Genes
HNF4A,PCSK9,TF-Genes
HNF4A,PPARA,TF-Genes
HNF4A,RNASE2,TF-Genes
HNF4A,SERPINC1,TF-Genes
HNF4A,SHBG,TF-Genes
HNF4A,SLC22A6,TF-Genes
HNF4A,SLC26A3,TF-Genes
HNF4A,TBP,TF-Genes
HNF4A,TCF7L2,TF-Genes
HNF4A,UGT1A7,TF-Genes
HNF4A,UGT2B7,TF-Genes
HOXA5,ARHGEF1,TF-Genes
HOXA5,PGR,TF-Genes
HOXA5,PTN,TF-Genes
HOXA5,TH,TF-Genes
KLF5,BIRC5,TF-Genes
KLF5,CCNB1,TF-Genes
KLF5,CCND1,TF-Genes
KLF5,CDKN2B,TF-Genes
KLF5,CXCR4,TF-Genes
KLF5,FASN,TF-Genes
KLF5,FGFBP1,TF-Genes
KLF5,FOXO1,TF-Genes
KLF5,HIF1A,TF-Genes
KLF5,ITGB2,TF-Genes
KLF5,MMP9,TF-Genes
KLF5,MYH11,TF-Genes
KLF5,NOTCH1,TF-Genes
PAX6,FABP7,TF-Genes
PAX6,GCG,TF-Genes
PAX6,ITGA5,TF-Genes
PAX6,ITGB1,TF-Genes
PAX6,KRT12,TF-Genes
PAX6,MET,TF-Genes
PAX6,MMP2,TF-Genes
PAX6,PCSK1,TF-Genes
PAX6,PDHX,TF-Genes
PAX6,PROX1,TF-Genes
PAX6,SIX3,TF-Genes
POU2F2,HBB,TF-Genes
POU2F2,HLA-DOB,TF-Genes
POU2F2,HLA-DRA,TF-Genes
POU2F2,ID2,TF-Genes
POU2F2,IL5,TF-Genes
POU2F2,SPI1,TF-Genes
POU2F2,SPIB,TF-Genes
POU2F2,SPP1,TF-Genes
POU2F2,TK1,TF-Genes
POU2F2,TRA,TF-Genes
SOX10,COL11A2,TF-Genes
SOX10,EDNRB,TF-Genes
SOX10,GJB1,TF-Genes
SOX10,GJB1,TF-Genes
SOX10,GJB1,TF-Genes
SOX10,GJC2,TF-Genes
SOX10,MBP,TF-Genes
SOX10,MIA,TF-Genes
SOX10,MITF,TF-Genes
SOX10,MITF,TF-Genes
SOX10,MITF,TF-Genes
SOX10,MPZ,TF-Genes
SOX10,NES,TF-Genes
SOX10,PMP22,TF-Genes
SOX10,RET,TF-Genes
SOX10,RET,TF-Genes
SOX17,CSNK1A1,TF-Genes
SOX17,FN1,TF-Genes
SOX17,HNF4A,TF-Genes
SOX17,MACC1,TF-Genes
SOX17,NFAT5,TF-Genes
SOX17,SERBP1,TF-Genes
TFAP2A,ACHE,TF-Genes
TFAP2A,ADM,TF-Genes
TFAP2A,ADRA1A,TF-Genes
TFAP2A,ADRA2B,TF-Genes
TFAP2A,APP,TF-Genes
TFAP2A,BACE1,TF-Genes
TFAP2A,BCL2,TF-Genes
TFAP2A,BRS3,TF-Genes
TFAP2A,CCNB1,TF-Genes
TFAP2A,CD82,TF-Genes
TFAP2A,CDH1,TF-Genes
TFAP2A,CDH1,TF-Genes
TFAP2A,CDKN1A,TF-Genes
TFAP2A,CDKN1A,TF-Genes
TFAP2A,CDKN1A,TF-Genes
TFAP2A,CFTR,TF-Genes
TFAP2A,CGA,TF-Genes
TFAP2A,CGB3,TF-Genes
TFAP2A,COL1A1,TF-Genes
TFAP2A,CRABP2,TF-Genes
TFAP2A,CRX,TF-Genes
TFAP2A,CRYAB,TF-Genes
TFAP2A,CSH1,TF-Genes
TFAP2A,CYP11A1,TF-Genes
TFAP2A,DBH,TF-Genes
TFAP2A,DCBLD2,TF-Genes
TFAP2A,DCBLD2,TF-Genes
TFAP2A,ECM1,TF-Genes
TFAP2A,EGFR,TF-Genes
TFAP2A,ERBB2,TF-Genes
TFAP2A,ETS1,TF-Genes
TFAP2A,F2R,TF-Genes
TFAP2A,FAS,TF-Genes
TFAP2A,FOXA1,TF-Genes
TFAP2A,GALNT3,TF-Genes
TFAP2A,GAST,TF-Genes
TFAP2A,GPX4,TF-Genes
TFAP2A,GUSB,TF-Genes
TFAP2A,HGF,TF-Genes
TFAP2A,HIP1,TF-Genes
TFAP2A,HMOX1,TF-Genes
TFAP2A,HOXA4,TF-Genes
TFAP2A,HSD17B1,TF-Genes
TFAP2A,HSD17B1,TF-Genes
TFAP2A,HTT,TF-Genes
TFAP2A,IGFBP5,TF-Genes
TFAP2A,IMPDH2,TF-Genes
TFAP2A,KISS1,TF-Genes
TFAP2A,KIT,TF-Genes
TFAP2A,KLF12,TF-Genes
TFAP2A,KRT5,TF-Genes
TFAP2A,L1CAM,TF-Genes
TFAP2A,LNPEP,TF-Genes
TFAP2A,MCAM,TF-Genes
TFAP2A,MMP2,TF-Genes
TFAP2A,MMP9,TF-Genes
TFAP2A,MMP9,TF-Genes
TFAP2A,MPG,TF-Genes
TFAP2A,MUC4,TF-Genes
TFAP2A,MUC4,TF-Genes
TFAP2A,NME3,TF-Genes
TFAP2A,NR3C1,TF-Genes
TFAP2A,OAT,TF-Genes
TFAP2A,PLAUR,TF-Genes
TFAP2A,POLD2,TF-Genes
TFAP2A,PRKCA,TF-Genes
TFAP2A,PTEN,TF-Genes
TFAP2A,PTGS2,TF-Genes
TFAP2A,PVR,TF-Genes
TFAP2A,SLC19A1,TF-Genes
TFAP2A,SNAP91,TF-Genes
TFAP2A,SOD2,TF-Genes
TFAP2A,SPRY2,TF-Genes
TFAP2A,SULT1E1,TF-Genes
TFAP2A,TAF7,TF-Genes
TFAP2A,TH,TF-Genes
TFAP2A,TIMP2,TF-Genes
TFAP2A,VEGFA,TF-Genes
TFAP2A,VEGFA,TF-Genes
TFCP2L1,CYP11A1,TF-Genes
ARNT,hsa-mir-106b,TF-miRNA
ARNT,hsa-mir-25,TF-miRNA
ARNT,hsa-mir-93,TF-miRNA
BRCA1,hsa-mir-146a,TF-miRNA
BRCA1,hsa-mir-146a,TF-miRNA
BRCA1,hsa-mir-146a,TF-miRNA
BRCA1,hsa-mir-146b,TF-miRNA
BRCA1,hsa-mir-152,TF-miRNA
BRCA1,hsa-mir-155,TF-miRNA
BRCA1,hsa-mir-155,TF-miRNA
BRCA1,hsa-mir-155,TF-miRNA
BRCA1,hsa-mir-205,TF-miRNA
BRCA1,hsa-mir-593,TF-miRNA
BRCA1,hsa-mir-99b,TF-miRNA
CEBPB,hsa-mir-143,TF-miRNA
CEBPB,hsa-mir-143,TF-miRNA
CEBPB,hsa-mir-143,TF-miRNA
CEBPB,hsa-mir-145,TF-miRNA
CEBPB,hsa-mir-146b,TF-miRNA
CEBPB,hsa-mir-17,TF-miRNA
CEBPB,hsa-mir-181c,TF-miRNA
CEBPB,hsa-mir-18a,TF-miRNA
CEBPB,hsa-mir-198,TF-miRNA
CEBPB,hsa-mir-19a,TF-miRNA
CEBPB,hsa-mir-19b-1,TF-miRNA
CEBPB,hsa-mir-20a,TF-miRNA
CEBPB,hsa-mir-223,TF-miRNA
CEBPB,hsa-mir-31,TF-miRNA
CEBPB,hsa-mir-424,TF-miRNA
CEBPB,hsa-mir-503,TF-miRNA
CEBPB,hsa-mir-542,TF-miRNA
CEBPB,hsa-mir-92a-1,TF-miRNA
CREB1,hsa-mir-132,TF-miRNA
CREB1,hsa-mir-132,TF-miRNA
CREB1,hsa-mir-132,TF-miRNA
CREB1,hsa-mir-132,TF-miRNA
CREB1,hsa-mir-132,TF-miRNA
CREB1,hsa-mir-132,TF-miRNA
CREB1,hsa-mir-132,TF-miRNA
CREB1,hsa-mir-132,TF-miRNA
CREB1,hsa-mir-148a,TF-miRNA
CREB1,hsa-mir-15b,TF-miRNA
CREB1,hsa-mir-21,TF-miRNA
CREB1,hsa-mir-212,TF-miRNA
CREB1,hsa-mir-212,TF-miRNA
CREB1,hsa-mir-212,TF-miRNA
CREB1,hsa-mir-23a,TF-miRNA
CREB1,hsa-mir-302a,TF-miRNA
CREB1,hsa-mir-320a,TF-miRNA
CREB1,hsa-mir-335,TF-miRNA
CREB1,hsa-mir-373,TF-miRNA
CREB1,hsa-mir-630,TF-miRNA
CREB1,hsa-mir-9-1,TF-miRNA
CREB1,hsa-mir-9-1,TF-miRNA
CREB1,hsa-mir-9-2,TF-miRNA
CTCF,hsa-mir-125b-1,TF-miRNA
CTCF,hsa-mir-375,TF-miRNA
CTCF,hsa-mir-375,TF-miRNA
E2F1,hsa-let-7i,TF-miRNA
E2F1,hsa-mir-106a,TF-miRNA
E2F1,hsa-mir-106b,TF-miRNA
E2F1,hsa-mir-106b,TF-miRNA
E2F1,hsa-mir-15a,TF-miRNA
E2F1,hsa-mir-15a,TF-miRNA
E2F1,hsa-mir-15a,TF-miRNA
E2F1,hsa-mir-15b,TF-miRNA
E2F1,hsa-mir-15b,TF-miRNA
E2F1,hsa-mir-16-1,TF-miRNA
E2F1,hsa-mir-16-2,TF-miRNA
E2F1,hsa-mir-17,TF-miRNA
E2F1,hsa-mir-17,TF-miRNA
E2F1,hsa-mir-17,TF-miRNA
E2F1,hsa-mir-184,TF-miRNA
E2F1,hsa-mir-18a,TF-miRNA
E2F1,hsa-mir-18a,TF-miRNA
E2F1,hsa-mir-18b,TF-miRNA
E2F1,hsa-mir-195,TF-miRNA
E2F1,hsa-mir-19a,TF-miRNA
E2F1,hsa-mir-19a,TF-miRNA
E2F1,hsa-mir-19b-1,TF-miRNA
E2F1,hsa-mir-19b-2,TF-miRNA
E2F1,hsa-mir-202,TF-miRNA
E2F1,hsa-mir-20a,TF-miRNA
E2F1,hsa-mir-20a,TF-miRNA
E2F1,hsa-mir-20b,TF-miRNA
E2F1,hsa-mir-223,TF-miRNA
E2F1,hsa-mir-224,TF-miRNA
E2F1,hsa-mir-23b,TF-miRNA
E2F1,hsa-mir-24-1,TF-miRNA
E2F1,hsa-mir-25,TF-miRNA
E2F1,hsa-mir-25,TF-miRNA
E2F1,hsa-mir-27b,TF-miRNA
E2F1,hsa-mir-27b,TF-miRNA
E2F1,hsa-mir-29a,TF-miRNA
E2F1,hsa-mir-34c,TF-miRNA
E2F1,hsa-mir-363,TF-miRNA
E2F1,hsa-mir-4496,TF-miRNA
E2F1,hsa-mir-449a,TF-miRNA
E2F1,hsa-mir-449a,TF-miRNA
E2F1,hsa-mir-449b,TF-miRNA
E2F1,hsa-mir-449b,TF-miRNA
E2F1,hsa-mir-449c,TF-miRNA
E2F1,hsa-mir-452,TF-miRNA
E2F1,hsa-mir-519d,TF-miRNA
E2F1,hsa-mir-92a-1,TF-miRNA
E2F1,hsa-mir-92a-2,TF-miRNA
E2F1,hsa-mir-93,TF-miRNA
E2F6,hsa-mir-193a,TF-miRNA
EGR1,hsa-let-7e,TF-miRNA
EGR1,hsa-mir-106a,TF-miRNA
EGR1,hsa-mir-10a,TF-miRNA
EGR1,hsa-mir-124-3,TF-miRNA
EGR1,hsa-mir-125a,TF-miRNA
EGR1,hsa-mir-125a,TF-miRNA
EGR1,hsa-mir-130b,TF-miRNA
EGR1,hsa-mir-132,TF-miRNA
EGR1,hsa-mir-142,TF-miRNA
EGR1,hsa-mir-146b,TF-miRNA
EGR1,hsa-mir-148a,TF-miRNA
EGR1,hsa-mir-148a,TF-miRNA
EGR1,hsa-mir-149,TF-miRNA
EGR1,hsa-mir-152,TF-miRNA
EGR1,hsa-mir-152,TF-miRNA
EGR1,hsa-mir-181c,TF-miRNA
EGR1,hsa-mir-181d,TF-miRNA
EGR1,hsa-mir-183,TF-miRNA
EGR1,hsa-mir-185,TF-miRNA
EGR1,hsa-mir-191,TF-miRNA
EGR1,hsa-mir-199a-2,TF-miRNA
EGR1,hsa-mir-200b,TF-miRNA
EGR1,hsa-mir-20b,TF-miRNA
EGR1,hsa-mir-212,TF-miRNA
EGR1,hsa-mir-214,TF-miRNA
EGR1,hsa-mir-219a-2,TF-miRNA
EGR1,hsa-mir-23a,TF-miRNA
EGR1,hsa-mir-24-2,TF-miRNA
EGR1,hsa-mir-27a,TF-miRNA
EGR1,hsa-mir-301b,TF-miRNA
EGR1,hsa-mir-30a,TF-miRNA
EGR1,hsa-mir-30c-1,TF-miRNA
EGR1,hsa-mir-30c-2,TF-miRNA
EGR1,hsa-mir-30e,TF-miRNA
EGR1,hsa-mir-32,TF-miRNA
EGR1,hsa-mir-335,TF-miRNA
EGR1,hsa-mir-425,TF-miRNA
EGR1,hsa-mir-455,TF-miRNA
EGR1,hsa-mir-596,TF-miRNA
EGR1,hsa-mir-642a,TF-miRNA
EGR1,hsa-mir-675,TF-miRNA
EGR1,hsa-mir-92b,TF-miRNA
EGR1,hsa-mir-96,TF-miRNA
EGR1,hsa-mir-99b,TF-miRNA
ELK1,hsa-mir-144,TF-miRNA
ELK1,hsa-mir-17,TF-miRNA
ELK1,hsa-mir-18a,TF-miRNA
ELK1,hsa-mir-19a,TF-miRNA
ELK1,hsa-mir-19b-1,TF-miRNA
ELK1,hsa-mir-200b,TF-miRNA
ELK1,hsa-mir-20a,TF-miRNA
ELK1,hsa-mir-210,TF-miRNA
ELK1,hsa-mir-31,TF-miRNA
ELK1,hsa-mir-34a,TF-miRNA
ELK1,hsa-mir-92a-1,TF-miRNA
ESR1,hsa-let-7c,TF-miRNA
ESR1,hsa-mir-106a,TF-miRNA
ESR1,hsa-mir-140,TF-miRNA
ESR1,hsa-mir-143,TF-miRNA
ESR1,hsa-mir-145,TF-miRNA
ESR1,hsa-mir-17,TF-miRNA
ESR1,hsa-mir-181a-1,TF-miRNA
ESR1,hsa-mir-181b-1,TF-miRNA
ESR1,hsa-mir-18a,TF-miRNA
ESR1,hsa-mir-18b,TF-miRNA
ESR1,hsa-mir-191,TF-miRNA
ESR1,hsa-mir-19a,TF-miRNA
ESR1,hsa-mir-19b-2,TF-miRNA
ESR1,hsa-mir-20a,TF-miRNA
ESR1,hsa-mir-20b,TF-miRNA
ESR1,hsa-mir-21,TF-miRNA
ESR1,hsa-mir-21,TF-miRNA
ESR1,hsa-mir-22,TF-miRNA
ESR1,hsa-mir-22,TF-miRNA
ESR1,hsa-mir-221,TF-miRNA
ESR1,hsa-mir-222,TF-miRNA
ESR1,hsa-mir-363,TF-miRNA
ESR1,hsa-mir-425,TF-miRNA
ESR1,hsa-mir-497,TF-miRNA
ESR1,hsa-mir-92a-2,TF-miRNA
ESR1,hsa-mir-99a,TF-miRNA
ESR2,hsa-mir-23b,TF-miRNA
ESR2,hsa-mir-24-1,TF-miRNA
ESR2,hsa-mir-27b,TF-miRNA
ESR2,hsa-mir-30a,TF-miRNA
FOS,hsa-mir-21,TF-miRNA
FOS,hsa-mir-21,TF-miRNA
FOS,hsa-mir-23a,TF-miRNA
FOS,hsa-mir-31,TF-miRNA
FOS,hsa-mir-34a,TF-miRNA
FOXF2,hsa-mir-200a,TF-miRNA
FOXF2,hsa-mir-200b,TF-miRNA
FOXF2,hsa-mir-429,TF-miRNA
FOXO3,hsa-let-7b,TF-miRNA
FOXO3,hsa-let-7c,TF-miRNA
FOXO3,hsa-mir-21,TF-miRNA
FOXO3,hsa-mir-30d,TF-miRNA
FOXO3,hsa-mir-34a,TF-miRNA
FOXO3,hsa-mir-34b,TF-miRNA
FOXO3,hsa-mir-34c,TF-miRNA
FOXO3,hsa-mir-622,TF-miRNA
GATA1,hsa-mir-138-2,TF-miRNA
GATA1,hsa-mir-144,TF-miRNA
GATA1,hsa-mir-146b,TF-miRNA
GATA1,hsa-mir-148a,TF-miRNA
GATA1,hsa-mir-196b,TF-miRNA
GATA1,hsa-mir-23a,TF-miRNA
GATA1,hsa-mir-23a,TF-miRNA
GATA1,hsa-mir-24-2,TF-miRNA
GATA1,hsa-mir-27a,TF-miRNA
GATA1,hsa-mir-361,TF-miRNA
GATA1,hsa-mir-431,TF-miRNA
GATA1,hsa-mir-889,TF-miRNA
GATA2,hsa-mir-126,TF-miRNA
GATA2,hsa-mir-148a,TF-miRNA
GATA2,hsa-mir-221,TF-miRNA
GATA2,hsa-mir-23a,TF-miRNA
GATA2,hsa-mir-24-2,TF-miRNA
GATA2,hsa-mir-27a,TF-miRNA
GATA2,hsa-mir-30e,TF-miRNA
GATA2,hsa-mir-31,TF-miRNA
GATA3,hsa-mir-125a,TF-miRNA
GATA3,hsa-mir-138-1,TF-miRNA
GATA3,hsa-mir-138-2,TF-miRNA
GATA3,hsa-mir-200a,TF-miRNA
GATA3,hsa-mir-200b,TF-miRNA
GATA3,hsa-mir-200c,TF-miRNA
HLF,hsa-mir-132,TF-miRNA
HNF4A,hsa-mir-101-2,TF-miRNA
HNF4A,hsa-mir-1193,TF-miRNA
HNF4A,hsa-mir-1197,TF-miRNA
HNF4A,hsa-mir-122,TF-miRNA
HNF4A,hsa-mir-122,TF-miRNA
HNF4A,hsa-mir-122,TF-miRNA
HNF4A,hsa-mir-124-1,TF-miRNA
HNF4A,hsa-mir-134,TF-miRNA
HNF4A,hsa-mir-150,TF-miRNA
HNF4A,hsa-mir-154,TF-miRNA
HNF4A,hsa-mir-182,TF-miRNA
HNF4A,hsa-mir-183,TF-miRNA
HNF4A,hsa-mir-192,TF-miRNA
HNF4A,hsa-mir-192,TF-miRNA
HNF4A,hsa-mir-194-2,TF-miRNA
HNF4A,hsa-mir-200a,TF-miRNA
HNF4A,hsa-mir-200b,TF-miRNA
HNF4A,hsa-mir-200c,TF-miRNA
HNF4A,hsa-mir-299,TF-miRNA
HNF4A,hsa-mir-329-1,TF-miRNA
HNF4A,hsa-mir-329-2,TF-miRNA
HNF4A,hsa-mir-34a,TF-miRNA
HNF4A,hsa-mir-369,TF-miRNA
HNF4A,hsa-mir-376a-1,TF-miRNA
HNF4A,hsa-mir-376b,TF-miRNA
HNF4A,hsa-mir-376c,TF-miRNA
HNF4A,hsa-mir-377,TF-miRNA
HNF4A,hsa-mir-379,TF-miRNA
HNF4A,hsa-mir-380,TF-miRNA
HNF4A,hsa-mir-381,TF-miRNA
HNF4A,hsa-mir-382,TF-miRNA
HNF4A,hsa-mir-409,TF-miRNA
HNF4A,hsa-mir-410,TF-miRNA
HNF4A,hsa-mir-411,TF-miRNA
HNF4A,hsa-mir-412,TF-miRNA
HNF4A,hsa-mir-485,TF-miRNA
HNF4A,hsa-mir-487a,TF-miRNA
HNF4A,hsa-mir-487b,TF-miRNA
HNF4A,hsa-mir-494,TF-miRNA
HNF4A,hsa-mir-495,TF-miRNA
HNF4A,hsa-mir-496,TF-miRNA
HNF4A,hsa-mir-539,TF-miRNA
HNF4A,hsa-mir-543,TF-miRNA
HNF4A,hsa-mir-654,TF-miRNA
HNF4A,hsa-mir-655,TF-miRNA
HNF4A,hsa-mir-656,TF-miRNA
HNF4A,hsa-mir-668,TF-miRNA
HNF4A,hsa-mir-7-2,TF-miRNA
HNF4A,hsa-mir-758,TF-miRNA
HNF4A,hsa-mir-889,TF-miRNA
HNF4A,hsa-mir-96,TF-miRNA
IRF1,hsa-mir-155,TF-miRNA
JUN,hsa-mir-106b,TF-miRNA
JUN,hsa-mir-127,TF-miRNA
JUN,hsa-mir-135b,TF-miRNA
JUN,hsa-mir-139,TF-miRNA
JUN,hsa-mir-141,TF-miRNA
JUN,hsa-mir-144,TF-miRNA
JUN,hsa-mir-146a,TF-miRNA
JUN,hsa-mir-184,TF-miRNA
JUN,hsa-mir-184,TF-miRNA
JUN,hsa-mir-18b,TF-miRNA
JUN,hsa-mir-200a,TF-miRNA
JUN,hsa-mir-200b,TF-miRNA
JUN,hsa-mir-200c,TF-miRNA
JUN,hsa-mir-21,TF-miRNA
JUN,hsa-mir-221,TF-miRNA
JUN,hsa-mir-221,TF-miRNA
JUN,hsa-mir-221,TF-miRNA
JUN,hsa-mir-222,TF-miRNA
JUN,hsa-mir-222,TF-miRNA
JUN,hsa-mir-222,TF-miRNA
JUN,hsa-mir-224,TF-miRNA
JUN,hsa-mir-23a,TF-miRNA
JUN,hsa-mir-23b,TF-miRNA
JUN,hsa-mir-25,TF-miRNA
JUN,hsa-mir-31,TF-miRNA
JUN,hsa-mir-3188,TF-miRNA
JUN,hsa-mir-429,TF-miRNA
JUN,hsa-mir-630,TF-miRNA
JUN,hsa-mir-93,TF-miRNA
JUND,hsa-mir-29b-1,TF-miRNA
KLF4,hsa-mir-1-2,TF-miRNA
KLF4,hsa-mir-134,TF-miRNA
KLF4,hsa-mir-143,TF-miRNA
KLF4,hsa-mir-145,TF-miRNA
KLF4,hsa-mir-150,TF-miRNA
KLF4,hsa-mir-15a,TF-miRNA
KLF4,hsa-mir-182,TF-miRNA
KLF4,hsa-mir-183,TF-miRNA
KLF4,hsa-mir-200a,TF-miRNA
KLF4,hsa-mir-200b,TF-miRNA
KLF4,hsa-mir-200c,TF-miRNA
KLF4,hsa-mir-206,TF-miRNA
KLF4,hsa-mir-21,TF-miRNA
KLF4,hsa-mir-31,TF-miRNA
KLF4,hsa-mir-429,TF-miRNA
KLF4,hsa-mir-96,TF-miRNA
KLF5,hsa-mir-141,TF-miRNA
KLF5,hsa-mir-200a,TF-miRNA
KLF5,hsa-mir-200b,TF-miRNA
KLF5,hsa-mir-200c,TF-miRNA
KLF5,hsa-mir-429,TF-miRNA
MAX,hsa-mir-106a,TF-miRNA
MAX,hsa-mir-106b,TF-miRNA
MAX,hsa-mir-17,TF-miRNA
MAX,hsa-mir-18a,TF-miRNA
MAX,hsa-mir-18b,TF-miRNA
MAX,hsa-mir-193a,TF-miRNA
MAX,hsa-mir-19a,TF-miRNA
MAX,hsa-mir-19b-1,TF-miRNA
MAX,hsa-mir-19b-2,TF-miRNA
MAX,hsa-mir-20a,TF-miRNA
MAX,hsa-mir-20b,TF-miRNA
MAX,hsa-mir-25,TF-miRNA
MAX,hsa-mir-363,TF-miRNA
MAX,hsa-mir-92a-1,TF-miRNA
MAX,hsa-mir-92a-2,TF-miRNA
MAX,hsa-mir-93,TF-miRNA
MEF2A,hsa-mir-1-1,TF-miRNA
MEF2A,hsa-mir-1-2,TF-miRNA
MEF2A,hsa-mir-23a,TF-miRNA
MEF2A,hsa-mir-24-2,TF-miRNA
MEF2A,hsa-mir-27a,TF-miRNA
MEF2A,hsa-mir-410,TF-miRNA
MEF2A,hsa-mir-424,TF-miRNA
MEF2A,hsa-mir-433,TF-miRNA
MEF2A,hsa-mir-503,TF-miRNA
MEF2A,hsa-mir-92b,TF-miRNA
MYB,hsa-mir-141,TF-miRNA
MYB,hsa-mir-143,TF-miRNA
MYB,hsa-mir-148a,TF-miRNA
MYB,hsa-mir-155,TF-miRNA
MYB,hsa-mir-155,TF-miRNA
MYB,hsa-mir-15a,TF-miRNA
MYB,hsa-mir-200a,TF-miRNA
MYB,hsa-mir-200b,TF-miRNA
MYB,hsa-mir-200c,TF-miRNA
MYB,hsa-mir-429,TF-miRNA
MYC,hsa-let-7a-1,TF-miRNA
MYC,hsa-let-7a-2,TF-miRNA
MYC,hsa-let-7b,TF-miRNA
MYC,hsa-let-7c,TF-miRNA
MYC,hsa-let-7d,TF-miRNA
MYC,hsa-let-7d,TF-miRNA
MYC,hsa-let-7e,TF-miRNA
MYC,hsa-let-7f-1,TF-miRNA
MYC,hsa-let-7g,TF-miRNA
MYC,hsa-let-7i,TF-miRNA
MYC,hsa-mir-100,TF-miRNA
MYC,hsa-mir-101-2,TF-miRNA
MYC,hsa-mir-106a,TF-miRNA
MYC,hsa-mir-106a,TF-miRNA
MYC,hsa-mir-106b,TF-miRNA
MYC,hsa-mir-106b,TF-miRNA
MYC,hsa-mir-122,TF-miRNA
MYC,hsa-mir-125b-1,TF-miRNA
MYC,hsa-mir-125b-1,TF-miRNA
MYC,hsa-mir-130a,TF-miRNA
MYC,hsa-mir-141,TF-miRNA
MYC,hsa-mir-141,TF-miRNA
MYC,hsa-mir-146a,TF-miRNA
MYC,hsa-mir-146a,TF-miRNA
MYC,hsa-mir-148a,TF-miRNA
MYC,hsa-mir-150,TF-miRNA
MYC,hsa-mir-15a,TF-miRNA
MYC,hsa-mir-15a,TF-miRNA
MYC,hsa-mir-16-1,TF-miRNA
MYC,hsa-mir-16-1,TF-miRNA
MYC,hsa-mir-17,TF-miRNA
MYC,hsa-mir-17,TF-miRNA
MYC,hsa-mir-17,TF-miRNA
MYC,hsa-mir-17,TF-miRNA
MYC,hsa-mir-17,TF-miRNA
MYC,hsa-mir-184,TF-miRNA
MYC,hsa-mir-18a,TF-miRNA
MYC,hsa-mir-18a,TF-miRNA
MYC,hsa-mir-18b,TF-miRNA
MYC,hsa-mir-195,TF-miRNA
MYC,hsa-mir-196a-1,TF-miRNA
MYC,hsa-mir-19a,TF-miRNA
MYC,hsa-mir-19a,TF-miRNA
MYC,hsa-mir-19a,TF-miRNA
MYC,hsa-mir-200c,TF-miRNA
MYC,hsa-mir-20a,TF-miRNA
MYC,hsa-mir-20a,TF-miRNA
MYC,hsa-mir-20a,TF-miRNA
MYC,hsa-mir-20b,TF-miRNA
MYC,hsa-mir-22,TF-miRNA
MYC,hsa-mir-22,TF-miRNA
MYC,hsa-mir-221,TF-miRNA
MYC,hsa-mir-221,TF-miRNA
MYC,hsa-mir-222,TF-miRNA
MYC,hsa-mir-23a,TF-miRNA
MYC,hsa-mir-23a,TF-miRNA
MYC,hsa-mir-23a,TF-miRNA
MYC,hsa-mir-23b,TF-miRNA
MYC,hsa-mir-23b,TF-miRNA
MYC,hsa-mir-24-2,TF-miRNA
MYC,hsa-mir-24-2,TF-miRNA
MYC,hsa-mir-25,TF-miRNA
MYC,hsa-mir-26a-1,TF-miRNA
MYC,hsa-mir-26a-1,TF-miRNA
MYC,hsa-mir-26a-2,TF-miRNA
MYC,hsa-mir-26a-2,TF-miRNA
MYC,hsa-mir-26b,TF-miRNA
MYC,hsa-mir-26b,TF-miRNA
MYC,hsa-mir-26b,TF-miRNA
MYC,hsa-mir-27a,TF-miRNA
MYC,hsa-mir-27a,TF-miRNA
MYC,hsa-mir-28,TF-miRNA
MYC,hsa-mir-29a,TF-miRNA
MYC,hsa-mir-29a,TF-miRNA
MYC,hsa-mir-29b-1,TF-miRNA
MYC,hsa-mir-29b-1,TF-miRNA
MYC,hsa-mir-29b-1,TF-miRNA
MYC,hsa-mir-29b-2,TF-miRNA
MYC,hsa-mir-29c,TF-miRNA
MYC,hsa-mir-30a,TF-miRNA
MYC,hsa-mir-30b,TF-miRNA
MYC,hsa-mir-30d,TF-miRNA
MYC,hsa-mir-32,TF-miRNA
MYC,hsa-mir-34a,TF-miRNA
MYC,hsa-mir-34a,TF-miRNA
MYC,hsa-mir-371a,TF-miRNA
MYC,hsa-mir-371b,TF-miRNA
MYC,hsa-mir-372,TF-miRNA
MYC,hsa-mir-373,TF-miRNA
MYC,hsa-mir-497,TF-miRNA
MYC,hsa-mir-548m,TF-miRNA
MYC,hsa-mir-7-1,TF-miRNA
MYC,hsa-mir-9-2,TF-miRNA
MYC,hsa-mir-93,TF-miRNA
MYC,hsa-mir-93,TF-miRNA
NFKB1,hsa-let-7a-3,TF-miRNA
NFKB1,hsa-let-7b,TF-miRNA
NFKB1,hsa-mir-100,TF-miRNA
NFKB1,hsa-mir-10b,TF-miRNA
NFKB1,hsa-mir-125b-1,TF-miRNA
NFKB1,hsa-mir-127,TF-miRNA
NFKB1,hsa-mir-1276,TF-miRNA
NFKB1,hsa-mir-1286,TF-miRNA
NFKB1,hsa-mir-130a,TF-miRNA
NFKB1,hsa-mir-130a,TF-miRNA
NFKB1,hsa-mir-136,TF-miRNA
NFKB1,hsa-mir-146a,TF-miRNA
NFKB1,hsa-mir-146a,TF-miRNA
NFKB1,hsa-mir-146a,TF-miRNA
NFKB1,hsa-mir-146a,TF-miRNA
NFKB1,hsa-mir-146a,TF-miRNA
NFKB1,hsa-mir-146b,TF-miRNA
NFKB1,hsa-mir-148a,TF-miRNA
NFKB1,hsa-mir-150,TF-miRNA
NFKB1,hsa-mir-155,TF-miRNA
NFKB1,hsa-mir-155,TF-miRNA
NFKB1,hsa-mir-155,TF-miRNA
NFKB1,hsa-mir-155,TF-miRNA
NFKB1,hsa-mir-155,TF-miRNA
NFKB1,hsa-mir-17,TF-miRNA
NFKB1,hsa-mir-1908,TF-miRNA
NFKB1,hsa-mir-1908,TF-miRNA
NFKB1,hsa-mir-199a-2,TF-miRNA
NFKB1,hsa-mir-200a,TF-miRNA
NFKB1,hsa-mir-200b,TF-miRNA
NFKB1,hsa-mir-21,TF-miRNA
NFKB1,hsa-mir-21,TF-miRNA
NFKB1,hsa-mir-21,TF-miRNA
NFKB1,hsa-mir-21,TF-miRNA
NFKB1,hsa-mir-21,TF-miRNA
NFKB1,hsa-mir-210,TF-miRNA
NFKB1,hsa-mir-210,TF-miRNA
NFKB1,hsa-mir-214,TF-miRNA
NFKB1,hsa-mir-219a-1,TF-miRNA
NFKB1,hsa-mir-224,TF-miRNA
NFKB1,hsa-mir-23b,TF-miRNA
NFKB1,hsa-mir-24-1,TF-miRNA
NFKB1,hsa-mir-2467,TF-miRNA
NFKB1,hsa-mir-27b,TF-miRNA
NFKB1,hsa-mir-2909,TF-miRNA
NFKB1,hsa-mir-29a,TF-miRNA
NFKB1,hsa-mir-29a,TF-miRNA
NFKB1,hsa-mir-29b-1,TF-miRNA
NFKB1,hsa-mir-29c,TF-miRNA
NFKB1,hsa-mir-301a,TF-miRNA
NFKB1,hsa-mir-30b,TF-miRNA
NFKB1,hsa-mir-30c-2,TF-miRNA
NFKB1,hsa-mir-3200,TF-miRNA
NFKB1,hsa-mir-340,TF-miRNA
NFKB1,hsa-mir-34a,TF-miRNA
NFKB1,hsa-mir-3620,TF-miRNA
NFKB1,hsa-mir-424,TF-miRNA
NFKB1,hsa-mir-425,TF-miRNA
NFKB1,hsa-mir-425,TF-miRNA
NFKB1,hsa-mir-429,TF-miRNA
NFKB1,hsa-mir-4454,TF-miRNA
NFKB1,hsa-mir-448,TF-miRNA
NFKB1,hsa-mir-4485,TF-miRNA
NFKB1,hsa-mir-449c,TF-miRNA
NFKB1,hsa-mir-494,TF-miRNA
NFKB1,hsa-mir-502,TF-miRNA
NFKB1,hsa-mir-503,TF-miRNA
NFKB1,hsa-mir-506,TF-miRNA
NFKB1,hsa-mir-9-1,TF-miRNA
NFYA,hsa-mir-33a,TF-miRNA
NKX2-5,hsa-mir-143,TF-miRNA
NKX2-5,hsa-mir-145,TF-miRNA
NKX2-5,hsa-mir-17,TF-miRNA
NKX2-5,hsa-mir-18a,TF-miRNA
NKX2-5,hsa-mir-19a,TF-miRNA
NKX2-5,hsa-mir-20a,TF-miRNA
PAX6,hsa-mir-135b,TF-miRNA
PBX1,hsa-mir-196b,TF-miRNA
PBX1,hsa-mir-21,TF-miRNA
POU2F2,hsa-mir-198,TF-miRNA
PPARG,hsa-mir-122,TF-miRNA
PPARG,hsa-mir-122,TF-miRNA
PPARG,hsa-mir-142,TF-miRNA
PPARG,hsa-mir-145,TF-miRNA
PPARG,hsa-mir-145,TF-miRNA
PPARG,hsa-mir-21,TF-miRNA
PPARG,hsa-mir-613,TF-miRNA
PRDM1,hsa-let-7c,TF-miRNA
PRDM1,hsa-mir-21,TF-miRNA
PRDM1,hsa-mir-222,TF-miRNA
PRDM1,hsa-mir-223,TF-miRNA
REL,hsa-mir-15b,TF-miRNA
REL,hsa-mir-21,TF-miRNA
RELA,hsa-let-7e,TF-miRNA
RELA,hsa-mir-100,TF-miRNA
RELA,hsa-mir-125a,TF-miRNA
RELA,hsa-mir-125b-1,TF-miRNA
RELA,hsa-mir-130a,TF-miRNA
RELA,hsa-mir-130a,TF-miRNA
RELA,hsa-mir-132,TF-miRNA
RELA,hsa-mir-145,TF-miRNA
RELA,hsa-mir-146a,TF-miRNA
RELA,hsa-mir-146a,TF-miRNA
RELA,hsa-mir-146a,TF-miRNA
RELA,hsa-mir-146a,TF-miRNA
RELA,hsa-mir-146b,TF-miRNA
RELA,hsa-mir-150,TF-miRNA
RELA,hsa-mir-150,TF-miRNA
RELA,hsa-mir-155,TF-miRNA
RELA,hsa-mir-155,TF-miRNA
RELA,hsa-mir-155,TF-miRNA
RELA,hsa-mir-155,TF-miRNA
RELA,hsa-mir-17,TF-miRNA
RELA,hsa-mir-182,TF-miRNA
RELA,hsa-mir-182,TF-miRNA
RELA,hsa-mir-183,TF-miRNA
RELA,hsa-mir-188,TF-miRNA
RELA,hsa-mir-18a,TF-miRNA
RELA,hsa-mir-192,TF-miRNA
RELA,hsa-mir-193b,TF-miRNA
RELA,hsa-mir-19a,TF-miRNA
RELA,hsa-mir-19b-1,TF-miRNA
RELA,hsa-mir-200b,TF-miRNA
RELA,hsa-mir-205,TF-miRNA
RELA,hsa-mir-20a,TF-miRNA
RELA,hsa-mir-21,TF-miRNA
RELA,hsa-mir-21,TF-miRNA
RELA,hsa-mir-21,TF-miRNA
RELA,hsa-mir-21,TF-miRNA
RELA,hsa-mir-212,TF-miRNA
RELA,hsa-mir-22,TF-miRNA
RELA,hsa-mir-221,TF-miRNA
RELA,hsa-mir-222,TF-miRNA
RELA,hsa-mir-223,TF-miRNA
RELA,hsa-mir-224,TF-miRNA
RELA,hsa-mir-224,TF-miRNA
RELA,hsa-mir-224,TF-miRNA
RELA,hsa-mir-23a,TF-miRNA
RELA,hsa-mir-23b,TF-miRNA
RELA,hsa-mir-23b,TF-miRNA
RELA,hsa-mir-24-1,TF-miRNA
RELA,hsa-mir-24-1,TF-miRNA
RELA,hsa-mir-24-2,TF-miRNA
RELA,hsa-mir-27a,TF-miRNA
RELA,hsa-mir-27b,TF-miRNA
RELA,hsa-mir-27b,TF-miRNA
RELA,hsa-mir-29c,TF-miRNA
RELA,hsa-mir-3074,TF-miRNA
RELA,hsa-mir-30b,TF-miRNA
RELA,hsa-mir-3151,TF-miRNA
RELA,hsa-mir-34a,TF-miRNA
RELA,hsa-mir-378a,TF-miRNA
RELA,hsa-mir-503,TF-miRNA
RELA,hsa-mir-7-1,TF-miRNA
RELA,hsa-mir-7-2,TF-miRNA
RELA,hsa-mir-7-3,TF-miRNA
RELA,hsa-mir-802,TF-miRNA
RELA,hsa-mir-92a-1,TF-miRNA
RELA,hsa-mir-96,TF-miRNA
RELA,hsa-mir-96,TF-miRNA
RELA,hsa-mir-99b,TF-miRNA
REST,hsa-mir-132,TF-miRNA
REST,hsa-mir-132,TF-miRNA
REST,hsa-mir-137,TF-miRNA
REST,hsa-mir-139,TF-miRNA
REST,hsa-mir-199a-1,TF-miRNA
REST,hsa-mir-199a-2,TF-miRNA
REST,hsa-mir-21,TF-miRNA
REST,hsa-mir-21,TF-miRNA
REST,hsa-mir-212,TF-miRNA
REST,hsa-mir-330,TF-miRNA
REST,hsa-mir-9-2,TF-miRNA
RREB1,hsa-mir-143,TF-miRNA
RREB1,hsa-mir-143,TF-miRNA
RREB1,hsa-mir-145,TF-miRNA
RREB1,hsa-mir-145,TF-miRNA
RREB1,hsa-mir-145,TF-miRNA
RUNX1,hsa-mir-106a,TF-miRNA
RUNX1,hsa-mir-144,TF-miRNA
RUNX1,hsa-mir-17,TF-miRNA
RUNX1,hsa-mir-181c,TF-miRNA
RUNX1,hsa-mir-181d,TF-miRNA
RUNX1,hsa-mir-18a,TF-miRNA
RUNX1,hsa-mir-18b,TF-miRNA
RUNX1,hsa-mir-19a,TF-miRNA
RUNX1,hsa-mir-19b-1,TF-miRNA
RUNX1,hsa-mir-19b-2,TF-miRNA
RUNX1,hsa-mir-20a,TF-miRNA
RUNX1,hsa-mir-20b,TF-miRNA
RUNX1,hsa-mir-221,TF-miRNA
RUNX1,hsa-mir-223,TF-miRNA
RUNX1,hsa-mir-223,TF-miRNA
RUNX1,hsa-mir-23a,TF-miRNA
RUNX1,hsa-mir-24-2,TF-miRNA
RUNX1,hsa-mir-27a,TF-miRNA
RUNX1,hsa-mir-27a,TF-miRNA
RUNX1,hsa-mir-27a,TF-miRNA
RUNX1,hsa-mir-363,TF-miRNA
RUNX1,hsa-mir-484,TF-miRNA
RUNX1,hsa-mir-92a-1,TF-miRNA
RUNX1,hsa-mir-92a-2,TF-miRNA
RUNX2,hsa-mir-21,TF-miRNA
RUNX2,hsa-mir-23a,TF-miRNA
RUNX2,hsa-mir-24-2,TF-miRNA
RUNX2,hsa-mir-27a,TF-miRNA
RUNX2,hsa-mir-2861,TF-miRNA
RUNX2,hsa-mir-2861,TF-miRNA
RUNX2,hsa-mir-31,TF-miRNA
RUNX2,hsa-mir-3960,TF-miRNA
RUNX2,hsa-mir-3960,TF-miRNA
SOX10,hsa-mir-335,TF-miRNA
SOX10,hsa-mir-338,TF-miRNA
SOX10,hsa-mir-338,TF-miRNA
SOX9,hsa-mir-140,TF-miRNA
SOX9,hsa-mir-140,TF-miRNA
SOX9,hsa-mir-29a,TF-miRNA
SOX9,hsa-mir-574,TF-miRNA
SOX9,hsa-mir-675,TF-miRNA
SP1,hsa-mir-106a,TF-miRNA
SP1,hsa-mir-130a,TF-miRNA
SP1,hsa-mir-132,TF-miRNA
SP1,hsa-mir-141,TF-miRNA
SP1,hsa-mir-141,TF-miRNA
SP1,hsa-mir-142,TF-miRNA
SP1,hsa-mir-146b,TF-miRNA
SP1,hsa-mir-17,TF-miRNA
SP1,hsa-mir-182,TF-miRNA
SP1,hsa-mir-18a,TF-miRNA
SP1,hsa-mir-195,TF-miRNA
SP1,hsa-mir-19a,TF-miRNA
SP1,hsa-mir-19a,TF-miRNA
SP1,hsa-mir-19b-1,TF-miRNA
SP1,hsa-mir-200a,TF-miRNA
SP1,hsa-mir-200a,TF-miRNA
SP1,hsa-mir-200b,TF-miRNA
SP1,hsa-mir-200b,TF-miRNA
SP1,hsa-mir-200b,TF-miRNA
SP1,hsa-mir-200c,TF-miRNA
SP1,hsa-mir-20a,TF-miRNA
SP1,hsa-mir-22,TF-miRNA
SP1,hsa-mir-22,TF-miRNA
SP1,hsa-mir-23a,TF-miRNA
SP1,hsa-mir-23b,TF-miRNA
SP1,hsa-mir-24-2,TF-miRNA
SP1,hsa-mir-27a,TF-miRNA
SP1,hsa-mir-29c,TF-miRNA
SP1,hsa-mir-3151,TF-miRNA
SP1,hsa-mir-320a,TF-miRNA
SP1,hsa-mir-34c,TF-miRNA
SP1,hsa-mir-373,TF-miRNA
SP1,hsa-mir-429,TF-miRNA
SP1,hsa-mir-429,TF-miRNA
SP1,hsa-mir-630,TF-miRNA
SP1,hsa-mir-92a-1,TF-miRNA
SREBF1,hsa-mir-107,TF-miRNA
SREBF1,hsa-mir-185,TF-miRNA
SREBF1,hsa-mir-613,TF-miRNA
SREBF2,hsa-mir-17,TF-miRNA
SREBF2,hsa-mir-182,TF-miRNA
SREBF2,hsa-mir-183,TF-miRNA
SREBF2,hsa-mir-18a,TF-miRNA
SREBF2,hsa-mir-19a,TF-miRNA
SREBF2,hsa-mir-19b-1,TF-miRNA
SREBF2,hsa-mir-20a,TF-miRNA
SREBF2,hsa-mir-92a-1,TF-miRNA
SREBF2,hsa-mir-96,TF-miRNA
SRF,hsa-mir-1-1,TF-miRNA
SRF,hsa-mir-1-2,TF-miRNA
SRF,hsa-mir-143,TF-miRNA
SRF,hsa-mir-145,TF-miRNA
SRF,hsa-mir-199a-1,TF-miRNA
SRF,hsa-mir-199a-2,TF-miRNA
SRF,hsa-mir-199a-2,TF-miRNA
SRF,hsa-mir-206,TF-miRNA
SRF,hsa-mir-214,TF-miRNA
SRF,hsa-mir-3120,TF-miRNA
STAT1,hsa-mir-146b,TF-miRNA
STAT1,hsa-mir-155,TF-miRNA
STAT1,hsa-mir-29a,TF-miRNA
STAT1,hsa-mir-34a,TF-miRNA
STAT3,hsa-let-7d,TF-miRNA
STAT3,hsa-mir-125b-2,TF-miRNA
STAT3,hsa-mir-135b,TF-miRNA
STAT3,hsa-mir-143,TF-miRNA
STAT3,hsa-mir-146a,TF-miRNA
STAT3,hsa-mir-146b,TF-miRNA
STAT3,hsa-mir-146b,TF-miRNA
STAT3,hsa-mir-146b,TF-miRNA
STAT3,hsa-mir-146b,TF-miRNA
STAT3,hsa-mir-150,TF-miRNA
STAT3,hsa-mir-155,TF-miRNA
STAT3,hsa-mir-155,TF-miRNA
STAT3,hsa-mir-155,TF-miRNA
STAT3,hsa-mir-15a,TF-miRNA
STAT3,hsa-mir-16-1,TF-miRNA
STAT3,hsa-mir-17,TF-miRNA
STAT3,hsa-mir-181b-1,TF-miRNA
STAT3,hsa-mir-182,TF-miRNA
STAT3,hsa-mir-182,TF-miRNA
STAT3,hsa-mir-183,TF-miRNA
STAT3,hsa-mir-184,TF-miRNA
STAT3,hsa-mir-18a,TF-miRNA
STAT3,hsa-mir-197,TF-miRNA
STAT3,hsa-mir-19a,TF-miRNA
STAT3,hsa-mir-19b-1,TF-miRNA
STAT3,hsa-mir-200c,TF-miRNA
STAT3,hsa-mir-204,TF-miRNA
STAT3,hsa-mir-204,TF-miRNA
STAT3,hsa-mir-204,TF-miRNA
STAT3,hsa-mir-20a,TF-miRNA
STAT3,hsa-mir-21,TF-miRNA
STAT3,hsa-mir-21,TF-miRNA
STAT3,hsa-mir-21,TF-miRNA
STAT3,hsa-mir-21,TF-miRNA
STAT3,hsa-mir-21,TF-miRNA
STAT3,hsa-mir-21,TF-miRNA
STAT3,hsa-mir-21,TF-miRNA
STAT3,hsa-mir-21,TF-miRNA
STAT3,hsa-mir-21,TF-miRNA
STAT3,hsa-mir-214,TF-miRNA
STAT3,hsa-mir-22,TF-miRNA
STAT3,hsa-mir-23b,TF-miRNA
STAT3,hsa-mir-24-1,TF-miRNA
STAT3,hsa-mir-26a-1,TF-miRNA
STAT3,hsa-mir-27b,TF-miRNA
STAT3,hsa-mir-29a,TF-miRNA
STAT3,hsa-mir-29b-1,TF-miRNA
STAT3,hsa-mir-29b-2,TF-miRNA
STAT3,hsa-mir-29c,TF-miRNA
STAT3,hsa-mir-30c-1,TF-miRNA
STAT3,hsa-mir-34a,TF-miRNA
STAT3,hsa-mir-34a,TF-miRNA
STAT3,hsa-mir-370,TF-miRNA
STAT3,hsa-mir-383,TF-miRNA
STAT3,hsa-mir-520d,TF-miRNA
STAT3,hsa-mir-629,TF-miRNA
STAT3,hsa-mir-92a-1,TF-miRNA
STAT3,hsa-mir-96,TF-miRNA
TEAD1,hsa-mir-106b,TF-miRNA
TEAD1,hsa-mir-25,TF-miRNA
TEAD1,hsa-mir-93,TF-miRNA
TFAP2A,hsa-mir-126,TF-miRNA
TFAP2A,hsa-mir-17,TF-miRNA
TFAP2A,hsa-mir-18a,TF-miRNA
TFAP2A,hsa-mir-19a,TF-miRNA
TFAP2A,hsa-mir-19b-1,TF-miRNA
TFAP2A,hsa-mir-20a,TF-miRNA
TFAP2A,hsa-mir-214,TF-miRNA
TFAP2A,hsa-mir-638,TF-miRNA
TFAP2A,hsa-mir-92a-1,TF-miRNA
TFAP2A,hsa-mir-944,TF-miRNA
TFAP2C,hsa-mir-944,TF-miRNA
TP53,hsa-mir-100,TF-miRNA
TP53,hsa-mir-106a,TF-miRNA
TP53,hsa-mir-107,TF-miRNA
TP53,hsa-mir-107,TF-miRNA
TP53,hsa-mir-10b,TF-miRNA
TP53,hsa-mir-1204,TF-miRNA
TP53,hsa-mir-1204,TF-miRNA
TP53,hsa-mir-1206,TF-miRNA
TP53,hsa-mir-1246,TF-miRNA
TP53,hsa-mir-1246,TF-miRNA
TP53,hsa-mir-125a,TF-miRNA
TP53,hsa-mir-127,TF-miRNA
TP53,hsa-mir-1275,TF-miRNA
TP53,hsa-mir-1277,TF-miRNA
TP53,hsa-mir-1323,TF-miRNA
TP53,hsa-mir-139,TF-miRNA
TP53,hsa-mir-141,TF-miRNA
TP53,hsa-mir-142,TF-miRNA
TP53,hsa-mir-143,TF-miRNA
TP53,hsa-mir-145,TF-miRNA
TP53,hsa-mir-145,TF-miRNA
TP53,hsa-mir-145,TF-miRNA
TP53,hsa-mir-145,TF-miRNA
TP53,hsa-mir-146a,TF-miRNA
TP53,hsa-mir-148a,TF-miRNA
TP53,hsa-mir-148a,TF-miRNA
TP53,hsa-mir-149,TF-miRNA
TP53,hsa-mir-150,TF-miRNA
TP53,hsa-mir-151a,TF-miRNA
TP53,hsa-mir-155,TF-miRNA
TP53,hsa-mir-15a,TF-miRNA
TP53,hsa-mir-15b,TF-miRNA
TP53,hsa-mir-16-1,TF-miRNA
TP53,hsa-mir-16-2,TF-miRNA
TP53,hsa-mir-17,TF-miRNA
TP53,hsa-mir-184,TF-miRNA
TP53,hsa-mir-18a,TF-miRNA
TP53,hsa-mir-191,TF-miRNA
TP53,hsa-mir-192,TF-miRNA
TP53,hsa-mir-192,TF-miRNA
TP53,hsa-mir-192,TF-miRNA
TP53,hsa-mir-192,TF-miRNA
TP53,hsa-mir-192,TF-miRNA
TP53,hsa-mir-193b,TF-miRNA
TP53,hsa-mir-196a-1,TF-miRNA
TP53,hsa-mir-198,TF-miRNA
TP53,hsa-mir-19a,TF-miRNA
TP53,hsa-mir-19b-1,TF-miRNA
TP53,hsa-mir-200a,TF-miRNA
TP53,hsa-mir-200b,TF-miRNA
TP53,hsa-mir-200c,TF-miRNA
TP53,hsa-mir-200c,TF-miRNA
TP53,hsa-mir-202,TF-miRNA
TP53,hsa-mir-205,TF-miRNA
TP53,hsa-mir-20a,TF-miRNA
TP53,hsa-mir-210,TF-miRNA
TP53,hsa-mir-215,TF-miRNA
TP53,hsa-mir-215,TF-miRNA
TP53,hsa-mir-22,TF-miRNA
TP53,hsa-mir-22,TF-miRNA
TP53,hsa-mir-221,TF-miRNA
TP53,hsa-mir-222,TF-miRNA
TP53,hsa-mir-224,TF-miRNA
TP53,hsa-mir-23b,TF-miRNA
TP53,hsa-mir-23b,TF-miRNA
TP53,hsa-mir-27a,TF-miRNA
TP53,hsa-mir-27b,TF-miRNA
TP53,hsa-mir-29a,TF-miRNA
TP53,hsa-mir-300,TF-miRNA
TP53,hsa-mir-34a,TF-miRNA
TP53,hsa-mir-34a,TF-miRNA
TP53,hsa-mir-34a,TF-miRNA
TP53,hsa-mir-34a,TF-miRNA
TP53,hsa-mir-34a,TF-miRNA
TP53,hsa-mir-34a,TF-miRNA
TP53,hsa-mir-34a,TF-miRNA
TP53,hsa-mir-34a,TF-miRNA
TP53,hsa-mir-34a,TF-miRNA
TP53,hsa-mir-34a,TF-miRNA
TP53,hsa-mir-34a,TF-miRNA
TP53,hsa-mir-34a,TF-miRNA
TP53,hsa-mir-34a,TF-miRNA
TP53,hsa-mir-34b,TF-miRNA
TP53,hsa-mir-34b,TF-miRNA
TP53,hsa-mir-34b,TF-miRNA
TP53,hsa-mir-34b,TF-miRNA
TP53,hsa-mir-34b,TF-miRNA
TP53,hsa-mir-34b,TF-miRNA
TP53,hsa-mir-34c,TF-miRNA
TP53,hsa-mir-34c,TF-miRNA
TP53,hsa-mir-34c,TF-miRNA
TP53,hsa-mir-34c,TF-miRNA
TP53,hsa-mir-34c,TF-miRNA
TP53,hsa-mir-34c,TF-miRNA
TP53,hsa-mir-34c,TF-miRNA
TP53,hsa-mir-34c,TF-miRNA
TP53,hsa-mir-3661,TF-miRNA
TP53,hsa-mir-3662,TF-miRNA
TP53,hsa-mir-381,TF-miRNA
TP53,hsa-mir-429,TF-miRNA
TP53,hsa-mir-4521,TF-miRNA
TP53,hsa-mir-502,TF-miRNA
TP53,hsa-mir-504,TF-miRNA
TP53,hsa-mir-506,TF-miRNA
TP53,hsa-mir-519d,TF-miRNA
TP53,hsa-mir-590,TF-miRNA
TP53,hsa-mir-605,TF-miRNA
TP53,hsa-mir-655,TF-miRNA
TP53,hsa-mir-7-1,TF-miRNA
TP53,hsa-mir-9-2,TF-miRNA
TP53,hsa-mir-92a-1,TF-miRNA
TP63,hsa-mir-1204,TF-miRNA
TP63,hsa-mir-1246,TF-miRNA
TP63,hsa-mir-130b,TF-miRNA
TP63,hsa-mir-133b,TF-miRNA
TP63,hsa-mir-138-2,TF-miRNA
TP63,hsa-mir-155,TF-miRNA
TP63,hsa-mir-155,TF-miRNA
TP63,hsa-mir-181b-1,TF-miRNA
TP63,hsa-mir-193a,TF-miRNA
TP63,hsa-mir-200a,TF-miRNA
TP63,hsa-mir-200b,TF-miRNA
TP63,hsa-mir-202,TF-miRNA
TP63,hsa-mir-205,TF-miRNA
TP63,hsa-mir-205,TF-miRNA
TP63,hsa-mir-34a,TF-miRNA
TP63,hsa-mir-374a,TF-miRNA
TP63,hsa-mir-429,TF-miRNA
TP63,hsa-mir-630,TF-miRNA
TP63,hsa-mir-944,TF-miRNA
USF1,hsa-mir-132,TF-miRNA
USF1,hsa-mir-148a,TF-miRNA
USF1,hsa-mir-483,TF-miRNA
YY1,hsa-let-7a-1,TF-miRNA
YY1,hsa-let-7a-2,TF-miRNA
YY1,hsa-let-7a-3,TF-miRNA
YY1,hsa-mir-10a,TF-miRNA
YY1,hsa-mir-137,TF-miRNA
YY1,hsa-mir-155,TF-miRNA
YY1,hsa-mir-155,TF-miRNA
YY1,hsa-mir-2682,TF-miRNA
YY1,hsa-mir-29a,TF-miRNA
YY1,hsa-mir-29a,TF-miRNA
YY1,hsa-mir-29c,TF-miRNA
YY1,hsa-mir-31,TF-miRNA
YY1,hsa-mir-372,TF-miRNA
YY1,hsa-mir-9-1,TF-miRNA
YY1,hsa-mir-9-1,TF-miRNA
YY1,hsa-mir-9-2,TF-miRNA
YY1,hsa-mir-9-3,TF-miRNA
